FSM,Testcases,Cores,Total CPU,Execution GPU,Total GPU
aim.test,1344963,32,35.127315,178.782176,202.706352
aim.test,1344963,16,40.74564,178.782176,202.706352
aim.test,1344963,8,68.550289,178.782176,202.706352
aim.test,1344963,1,499.871588,178.782176,202.706352
aim.test,1048576,32,27.401943,139.78992,155.225203
aim.test,1048576,16,29.534971,139.78992,155.225203
aim.test,1048576,8,54.959074,139.78992,155.225203
aim.test,1048576,1,389.211305,139.78992,155.225203
aim.test,524288,32,13.673908,70.790176,77.971831
aim.test,524288,16,20.976669,70.790176,77.971831
aim.test,524288,8,26.501407,70.790176,77.971831
aim.test,524288,1,194.28089,70.790176,77.971831
aim.test,262144,32,7.35214,36.176416,41.270709
aim.test,262144,16,7.956407,36.176416,41.270709
aim.test,262144,8,13.305146,36.176416,41.270709
aim.test,262144,1,96.540437,36.176416,41.270709
aim.test,131072,32,3.689794,19.442464,21.380144
aim.test,131072,16,3.985293,19.442464,21.380144
aim.test,131072,8,7.876718,19.442464,21.380144
aim.test,131072,1,48.341596,19.442464,21.380144
aim.test,65536,32,1.863928,11.090112,12.246977
aim.test,65536,16,3.267602,11.090112,12.246977
aim.test,65536,8,3.950792,11.090112,12.246977
aim.test,65536,1,24.125192,11.090112,12.246977
aim.test,32768,32,0.976733,6.94528,7.689404
aim.test,32768,16,1.004529,6.94528,7.689404
aim.test,32768,8,2.14504,6.94528,7.689404
aim.test,32768,1,12.057427,6.94528,7.689404
aim.test,16384,32,0.626966,3.0632,3.626657
aim.test,16384,16,1.082123,3.0632,3.626657
aim.test,16384,8,1.112574,3.0632,3.626657
aim.test,16384,1,6.05707,3.0632,3.626657
aim.test,8192,32,0.280972,2.185664,2.536921
aim.test,8192,16,0.571512,2.185664,2.536921
aim.test,8192,8,0.520039,2.185664,2.536921
aim.test,8192,1,3.969928,2.185664,2.536921
aim.test,4096,32,0.218673,1.883744,2.174723
aim.test,4096,16,0.403125,1.883744,2.174723
aim.test,4096,8,0.349277,1.883744,2.174723
aim.test,4096,1,1.994602,1.883744,2.174723
aim.test,2048,32,0.094216,1.7624,1.914215
aim.test,2048,16,0.216648,1.7624,1.914215
aim.test,2048,8,0.238229,1.7624,1.914215
aim.test,2048,1,0.995869,1.7624,1.914215
battlefield2.test,1476796,32,63.956607,179.05584,200.111883
battlefield2.test,1476796,16,66.057718,179.05584,200.111883
battlefield2.test,1476796,8,119.73562,179.05584,200.111883
battlefield2.test,1476796,1,870.755728,179.05584,200.111883
battlefield2.test,1048576,32,45.497374,127.593152,144.107072
battlefield2.test,1048576,16,46.959993,127.593152,144.107072
battlefield2.test,1048576,8,85.299037,127.593152,144.107072
battlefield2.test,1048576,1,617.574612,127.593152,144.107072
battlefield2.test,524288,32,22.734649,64.586112,73.084885
battlefield2.test,524288,16,31.564214,64.586112,73.084885
battlefield2.test,524288,8,42.608731,64.586112,73.084885
battlefield2.test,524288,1,308.141377,64.586112,73.084885
battlefield2.test,262144,32,11.360061,33.483328,38.519165
battlefield2.test,262144,16,17.389123,33.483328,38.519165
battlefield2.test,262144,8,21.226493,33.483328,38.519165
battlefield2.test,262144,1,153.926641,33.483328,38.519165
battlefield2.test,131072,32,6.122022,18.377696,20.391189
battlefield2.test,131072,16,6.295718,18.377696,20.391189
battlefield2.test,131072,8,10.610313,18.377696,20.391189
battlefield2.test,131072,1,76.968,18.377696,20.391189
battlefield2.test,65536,32,3.068764,10.751872,11.848742
battlefield2.test,65536,16,5.636345,10.751872,11.848742
battlefield2.test,65536,8,6.270435,10.751872,11.848742
battlefield2.test,65536,1,38.47321,10.751872,11.848742
battlefield2.test,32768,32,1.553273,6.208448,6.984005
battlefield2.test,32768,16,2.637353,6.208448,6.984005
battlefield2.test,32768,8,3.15432,6.208448,6.984005
battlefield2.test,32768,1,19.239573,6.208448,6.984005
battlefield2.test,16384,32,0.782363,2.680896,3.105431
battlefield2.test,16384,16,1.533997,2.680896,3.105431
battlefield2.test,16384,8,1.581699,2.680896,3.105431
battlefield2.test,16384,1,9.606133,2.680896,3.105431
battlefield2.test,8192,32,0.404243,1.846976,2.242469
battlefield2.test,8192,16,0.574376,1.846976,2.242469
battlefield2.test,8192,8,1.015843,1.846976,2.242469
battlefield2.test,8192,1,4.804952,1.846976,2.242469
battlefield2.test,4096,32,0.300947,1.41104,1.767897
battlefield2.test,4096,16,0.554821,1.41104,1.767897
battlefield2.test,4096,8,0.491194,1.41104,1.767897
battlefield2.test,4096,1,3.120027,1.41104,1.767897
battlefield2.test,2048,32,0.140311,1.214656,1.33893
battlefield2.test,2048,16,0.197931,1.214656,1.33893
battlefield2.test,2048,8,0.317429,1.214656,1.33893
battlefield2.test,2048,1,1.553064,1.214656,1.33893
counterstrike-source.test,1472463,32,296.282367,425.221248,459.262692
counterstrike-source.test,1472463,16,297.030927,425.221248,459.262692
counterstrike-source.test,1472463,8,543.480303,425.221248,459.262692
counterstrike-source.test,1472463,1,3908.523863,425.221248,459.262692
counterstrike-source.test,1048576,32,211.115051,304.214112,336.054276
counterstrike-source.test,1048576,16,211.934781,304.214112,336.054276
counterstrike-source.test,1048576,8,387.835703,304.214112,336.054276
counterstrike-source.test,1048576,1,2781.474754,304.214112,336.054276
counterstrike-source.test,524288,32,105.667247,154.598688,167.846319
counterstrike-source.test,524288,16,106.697827,154.598688,167.846319
counterstrike-source.test,524288,8,193.651197,154.598688,167.846319
counterstrike-source.test,524288,1,1388.92995,154.598688,167.846319
counterstrike-source.test,262144,32,53.249355,78.96768,85.759082
counterstrike-source.test,262144,16,53.831692,78.96768,85.759082
counterstrike-source.test,262144,8,96.80283,78.96768,85.759082
counterstrike-source.test,262144,1,694.322813,78.96768,85.759082
counterstrike-source.test,131072,32,26.511534,42.457152,46.782875
counterstrike-source.test,131072,16,28.766016,42.457152,46.782875
counterstrike-source.test,131072,8,48.183614,42.457152,46.782875
counterstrike-source.test,131072,1,346.458557,42.457152,46.782875
counterstrike-source.test,65536,32,13.438681,24.538112,26.215197
counterstrike-source.test,65536,16,13.355711,24.538112,26.215197
counterstrike-source.test,65536,8,24.255446,24.538112,26.215197
counterstrike-source.test,65536,1,173.831523,24.538112,26.215197
counterstrike-source.test,32768,32,7.241301,15.099168,16.111165
counterstrike-source.test,32768,16,7.335937,15.099168,16.111165
counterstrike-source.test,32768,8,12.115047,15.099168,16.111165
counterstrike-source.test,32768,1,86.922502,15.099168,16.111165
counterstrike-source.test,16384,32,3.64726,6.51024,7.068514
counterstrike-source.test,16384,16,5.456782,6.51024,7.068514
counterstrike-source.test,16384,8,7.348368,6.51024,7.068514
counterstrike-source.test,16384,1,43.373006,6.51024,7.068514
counterstrike-source.test,8192,32,1.861623,4.576896,5.152344
counterstrike-source.test,8192,16,3.404631,4.576896,5.152344
counterstrike-source.test,8192,8,3.701039,4.576896,5.152344
counterstrike-source.test,8192,1,21.731586,4.576896,5.152344
counterstrike-source.test,4096,32,0.989513,4.218048,4.54144
counterstrike-source.test,4096,16,1.635198,4.218048,4.54144
counterstrike-source.test,4096,8,1.878875,4.218048,4.54144
counterstrike-source.test,4096,1,10.838484,4.218048,4.54144
counterstrike-source.test,2048,32,0.579335,4.053792,4.329192
counterstrike-source.test,2048,16,0.685494,4.053792,4.329192
counterstrike-source.test,2048,8,0.943767,4.053792,4.329192
counterstrike-source.test,2048,1,5.40042,4.053792,4.329192
dns.test,8533671,32,327.441068,1909.516544,2071.388024
dns.test,8533671,16,353.763959,1909.516544,2071.388024
dns.test,8533671,8,631.334604,1909.516544,2071.388024
dns.test,8533671,1,4511.14587,1909.516544,2071.388024
dns.test,4194304,32,160.086585,942.20848,1019.951815
dns.test,4194304,16,182.800351,942.20848,1019.951815
dns.test,4194304,8,342.878485,942.20848,1019.951815
dns.test,4194304,1,2217.989421,942.20848,1019.951815
dns.test,2097152,32,80.041722,471.990304,503.587357
dns.test,2097152,16,94.156189,471.990304,503.587357
dns.test,2097152,8,155.755507,471.990304,503.587357
dns.test,2097152,1,1112.979968,471.990304,503.587357
dns.test,1048576,32,40.145283,236.960032,253.388822
dns.test,1048576,16,42.593575,236.960032,253.388822
dns.test,1048576,8,82.53534,236.960032,253.388822
dns.test,1048576,1,555.433667,236.960032,253.388822
dns.test,524288,32,20.060909,119.408992,130.093315
dns.test,524288,16,21.480785,119.408992,130.093315
dns.test,524288,8,38.388492,119.408992,130.093315
dns.test,524288,1,276.86819,119.408992,130.093315
dns.test,262144,32,10.057169,60.90336,65.191963
dns.test,262144,16,16.643566,60.90336,65.191963
dns.test,262144,8,19.504202,60.90336,65.191963
dns.test,262144,1,138.716988,60.90336,65.191963
dns.test,131072,32,5.432128,32.521024,34.548049
dns.test,131072,16,5.861583,32.521024,34.548049
dns.test,131072,8,9.724584,32.521024,34.548049
dns.test,131072,1,69.196392,32.521024,34.548049
dns.test,65536,32,2.769493,18.179584,19.336583
dns.test,65536,16,4.850488,18.179584,19.336583
dns.test,65536,8,5.714497,18.179584,19.336583
dns.test,65536,1,34.704355,18.179584,19.336583
dns.test,32768,32,1.38342,10.66,11.305165
dns.test,32768,16,1.692398,10.66,11.305165
dns.test,32768,8,2.926426,10.66,11.305165
dns.test,32768,1,17.407213,10.66,11.305165
dns.test,16384,32,0.809812,4.713376,5.18496
dns.test,16384,16,0.877069,4.713376,5.18496
dns.test,16384,8,1.46234,4.713376,5.18496
dns.test,16384,1,8.654822,4.713376,5.18496
dns.test,8192,32,0.484769,3.187936,3.388567
dns.test,8192,16,0.688846,3.187936,3.388567
dns.test,8192,8,0.782993,3.187936,3.388567
dns.test,8192,1,5.630199,3.187936,3.388567
dns.test,4096,32,0.297176,2.554144,2.72668
dns.test,4096,16,0.478694,2.554144,2.72668
dns.test,4096,8,0.478414,2.554144,2.72668
dns.test,4096,1,2.800922,2.554144,2.72668
dns.test,2048,32,0.149251,1.962048,2.230457
dns.test,2048,16,0.295639,1.962048,2.230457
dns.test,2048,8,0.268959,1.962048,2.230457
dns.test,2048,1,1.459268,1.962048,2.230457
h323.test,2241832,32,114.247471,473.647296,543.63867
h323.test,2241832,16,120.40113,473.647296,543.63867
h323.test,2241832,8,216.615121,473.647296,543.63867
h323.test,2241832,1,1554.731213,473.647296,543.63867
h323.test,2097152,32,106.859783,442.988704,482.43277
h323.test,2097152,16,151.025625,442.988704,482.43277
h323.test,2097152,8,200.652719,442.988704,482.43277
h323.test,2097152,1,1452.465388,442.988704,482.43277
h323.test,1048576,32,53.542684,223.163104,246.755404
h323.test,1048576,16,55.579959,223.163104,246.755404
h323.test,1048576,8,100.63635,223.163104,246.755404
h323.test,1048576,1,726.555803,223.163104,246.755404
h323.test,524288,32,26.806055,113.107392,125.348562
h323.test,524288,16,27.763721,113.107392,125.348562
h323.test,524288,8,50.234088,113.107392,125.348562
h323.test,524288,1,363.808278,113.107392,125.348562
h323.test,262144,32,13.576338,58.038752,62.622424
h323.test,262144,16,14.935593,58.038752,62.622424
h323.test,262144,8,25.069447,58.038752,62.622424
h323.test,262144,1,180.988028,58.038752,62.622424
h323.test,131072,32,7.20638,31.324864,33.847748
h323.test,131072,16,11.593051,31.324864,33.847748
h323.test,131072,8,12.64633,31.324864,33.847748
h323.test,131072,1,90.583097,31.324864,33.847748
h323.test,65536,32,3.640345,17.985312,19.457198
h323.test,65536,16,6.231812,17.985312,19.457198
h323.test,65536,8,7.479879,17.985312,19.457198
h323.test,65536,1,45.287638,17.985312,19.457198
h323.test,32768,32,1.801839,10.899008,11.793636
h323.test,32768,16,1.899478,10.899008,11.793636
h323.test,32768,8,3.749648,10.899008,11.793636
h323.test,32768,1,22.666831,10.899008,11.793636
h323.test,16384,32,0.95997,5.087648,5.618325
h323.test,16384,16,1.533089,5.087648,5.618325
h323.test,16384,8,2.220748,5.087648,5.618325
h323.test,16384,1,11.310194,5.087648,5.618325
h323.test,8192,32,0.459836,3.664608,4.057369
h323.test,8192,16,0.838097,3.664608,4.057369
h323.test,8192,8,0.950821,3.664608,4.057369
h323.test,8192,1,7.381263,3.664608,4.057369
h323.test,4096,32,0.338661,3.271168,3.605286
h323.test,4096,16,0.495246,3.271168,3.605286
h323.test,4096,8,0.557754,3.271168,3.605286
h323.test,4096,1,3.689445,3.271168,3.605286
h323.test,2048,32,0.187315,3.271648,3.606822
h323.test,2048,16,0.367855,3.271648,3.606822
h323.test,2048,8,0.388528,3.271648,3.606822
h323.test,2048,1,1.856804,3.271648,3.606822
halflife2-deathmatch.test,1088409,32,161.53334,241.65088,261.701125
halflife2-deathmatch.test,1088409,16,162.952239,241.65088,261.701125
halflife2-deathmatch.test,1088409,8,294.064182,241.65088,261.701125
halflife2-deathmatch.test,1088409,1,2131.610421,241.65088,261.701125
halflife2-deathmatch.test,1048576,32,155.602195,232.963296,254.726339
halflife2-deathmatch.test,1048576,16,156.35306,232.963296,254.726339
halflife2-deathmatch.test,1048576,8,284.858451,232.963296,254.726339
halflife2-deathmatch.test,1048576,1,2053.04319,232.963296,254.726339
halflife2-deathmatch.test,524288,32,77.875584,118.201344,129.109101
halflife2-deathmatch.test,524288,16,123.232434,118.201344,129.109101
halflife2-deathmatch.test,524288,8,142.956914,118.201344,129.109101
halflife2-deathmatch.test,524288,1,1025.682708,118.201344,129.109101
halflife2-deathmatch.test,262144,32,39.230707,60.211168,65.642576
halflife2-deathmatch.test,262144,16,58.205649,60.211168,65.642576
halflife2-deathmatch.test,262144,8,70.991313,60.211168,65.642576
halflife2-deathmatch.test,262144,1,513.088138,60.211168,65.642576
halflife2-deathmatch.test,131072,32,19.629775,32.361088,34.768747
halflife2-deathmatch.test,131072,16,20.836077,32.361088,34.768747
halflife2-deathmatch.test,131072,8,35.638971,32.361088,34.768747
halflife2-deathmatch.test,131072,1,255.692457,32.361088,34.768747
halflife2-deathmatch.test,65536,32,9.870063,18.778912,20.295993
halflife2-deathmatch.test,65536,16,10.59362,18.778912,20.295993
halflife2-deathmatch.test,65536,8,17.815365,18.778912,20.295993
halflife2-deathmatch.test,65536,1,127.566304,18.778912,20.295993
halflife2-deathmatch.test,32768,32,5.340985,11.911072,12.773022
halflife2-deathmatch.test,32768,16,5.30341,11.911072,12.773022
halflife2-deathmatch.test,32768,8,8.883552,11.911072,12.773022
halflife2-deathmatch.test,32768,1,63.565212,11.911072,12.773022
halflife2-deathmatch.test,16384,32,2.754546,5.0224,5.589131
halflife2-deathmatch.test,16384,16,2.719277,5.0224,5.589131
halflife2-deathmatch.test,16384,8,5.254242,5.0224,5.589131
halflife2-deathmatch.test,16384,1,31.639571,5.0224,5.589131
halflife2-deathmatch.test,8192,32,1.371476,3.508416,3.914752
halflife2-deathmatch.test,8192,16,1.355692,3.508416,3.914752
halflife2-deathmatch.test,8192,8,2.685543,3.508416,3.914752
halflife2-deathmatch.test,8192,1,15.688693,3.508416,3.914752
halflife2-deathmatch.test,4096,32,0.829227,3.159264,3.520707
halflife2-deathmatch.test,4096,16,1.237661,3.159264,3.520707
halflife2-deathmatch.test,4096,8,1.35674,3.159264,3.520707
halflife2-deathmatch.test,4096,1,10.378648,3.159264,3.520707
halflife2-deathmatch.test,2048,32,0.477576,3.047712,3.373621
halflife2-deathmatch.test,2048,16,0.512427,3.047712,3.373621
halflife2-deathmatch.test,2048,8,0.809392,3.047712,3.373621
halflife2-deathmatch.test,2048,1,5.163098,3.047712,3.373621
hotline.test,1216433,32,29.410302,194.24064,221.622543
hotline.test,1216433,16,35.796394,194.24064,221.622543
hotline.test,1216433,8,59.673018,194.24064,221.622543
hotline.test,1216433,1,428.312637,194.24064,221.622543
hotline.test,1048576,32,25.34113,167.623712,191.72426
hotline.test,1048576,16,28.080101,167.623712,191.72426
hotline.test,1048576,8,51.226324,167.623712,191.72426
hotline.test,1048576,1,369.171532,167.623712,191.72426
hotline.test,524288,32,12.753816,84.683776,97.215238
hotline.test,524288,16,14.905351,84.683776,97.215238
hotline.test,524288,8,25.387155,84.683776,97.215238
hotline.test,524288,1,184.476883,84.683776,97.215238
hotline.test,262144,32,6.796341,43.113824,48.762387
hotline.test,262144,16,7.446635,43.113824,48.762387
hotline.test,262144,8,14.904653,43.113824,48.762387
hotline.test,262144,1,91.058854,43.113824,48.762387
hotline.test,131072,32,3.410427,23.256576,26.003855
hotline.test,131072,16,6.236561,23.256576,26.003855
hotline.test,131072,8,7.516057,23.256576,26.003855
hotline.test,131072,1,45.637402,23.256576,26.003855
hotline.test,65536,32,1.79311,13.395168,15.077161
hotline.test,65536,16,2.962394,13.395168,15.077161
hotline.test,65536,8,3.742733,13.395168,15.077161
hotline.test,65536,1,22.863644,13.395168,15.077161
hotline.test,32768,32,1.009628,8.26176,9.086023
hotline.test,32768,16,1.685693,8.26176,9.086023
hotline.test,32768,8,1.873217,8.26176,9.086023
hotline.test,32768,1,11.396448,8.26176,9.086023
hotline.test,16384,32,0.556567,4.083616,4.741745
hotline.test,16384,16,0.613418,4.083616,4.741745
hotline.test,16384,8,1.019196,4.083616,4.741745
hotline.test,16384,1,7.363174,4.083616,4.741745
hotline.test,8192,32,0.335169,3.200576,3.662276
hotline.test,8192,16,0.55482,3.200576,3.662276
hotline.test,8192,8,0.546439,3.200576,3.662276
hotline.test,8192,1,3.737216,3.200576,3.662276
hotline.test,4096,32,0.147924,3.05888,3.406936
hotline.test,4096,16,0.351302,3.05888,3.406936
hotline.test,4096,8,0.392579,3.05888,3.406936
hotline.test,4096,1,1.862602,3.05888,3.406936
hotline.test,2048,32,0.105182,2.8648,3.212007
hotline.test,2048,16,0.190527,2.8648,3.212007
hotline.test,2048,8,0.198699,2.8648,3.212007
hotline.test,2048,1,1.050625,2.8648,3.212007
ntp.test,1374296,32,39.257457,207.890816,238.000642
ntp.test,1374296,16,45.340925,207.890816,238.000642
ntp.test,1374296,8,77.131493,207.890816,238.000642
ntp.test,1374296,1,557.066597,207.890816,238.000642
ntp.test,1048576,32,32.158911,158.871808,178.33824
ntp.test,1048576,16,32.28714,158.871808,178.33824
ntp.test,1048576,8,59.156401,158.871808,178.33824
ntp.test,1048576,1,424.126901,158.871808,178.33824
ntp.test,524288,32,14.937478,80.405184,89.866033
ntp.test,524288,16,17.156481,80.405184,89.866033
ntp.test,524288,8,29.347165,80.405184,89.866033
ntp.test,524288,1,212.357239,80.405184,89.866033
ntp.test,262144,32,7.934058,40.903648,47.036745
ntp.test,262144,16,8.660688,40.903648,47.036745
ntp.test,262144,8,14.48295,40.903648,47.036745
ntp.test,262144,1,105.135817,40.903648,47.036745
ntp.test,131072,32,4.040816,21.935936,24.129031
ntp.test,131072,16,4.353287,21.935936,24.129031
ntp.test,131072,8,8.690301,21.935936,24.129031
ntp.test,131072,1,52.62881,21.935936,24.129031
ntp.test,65536,32,2.025053,12.463936,13.760162
ntp.test,65536,16,3.669679,12.463936,13.760162
ntp.test,65536,8,4.339598,12.463936,13.760162
ntp.test,65536,1,26.291043,12.463936,13.760162
ntp.test,32768,32,1.127171,8.099776,8.887463
ntp.test,32768,16,1.780817,8.099776,8.887463
ntp.test,32768,8,2.173675,8.099776,8.887463
ntp.test,32768,1,13.174401,8.099776,8.887463
ntp.test,16384,32,0.677043,3.687424,4.152143
ntp.test,16384,16,0.709868,3.687424,4.152143
ntp.test,16384,8,1.087571,3.687424,4.152143
ntp.test,16384,1,6.553921,3.687424,4.152143
ntp.test,8192,32,0.370788,2.67232,3.095861
ntp.test,8192,16,0.685494,2.67232,3.095861
ntp.test,8192,8,0.646662,2.67232,3.095861
ntp.test,8192,1,4.294411,2.67232,3.095861
ntp.test,4096,32,0.229289,2.456096,2.824039
ntp.test,4096,16,0.397956,2.456096,2.824039
ntp.test,4096,8,0.377563,2.456096,2.824039
ntp.test,4096,1,2.169904,2.456096,2.824039
ntp.test,2048,32,0.120406,2.443712,2.57254
ntp.test,2048,16,0.240953,2.443712,2.57254
ntp.test,2048,8,0.225449,2.443712,2.57254
ntp.test,2048,1,1.084987,2.443712,2.57254
rtp.test,1536723,32,45.291129,219.515968,241.766214
rtp.test,1536723,16,53.188799,219.515968,241.766214
rtp.test,1536723,8,88.535414,219.515968,241.766214
rtp.test,1536723,1,640.694184,219.515968,241.766214
rtp.test,1048576,32,30.894851,150.354752,169.649685
rtp.test,1048576,16,33.827633,150.354752,169.649685
rtp.test,1048576,8,60.264435,150.354752,169.649685
rtp.test,1048576,1,437.1883,150.354752,169.649685
rtp.test,524288,32,15.474489,76.12336,83.091483
rtp.test,524288,16,17.340792,76.12336,83.091483
rtp.test,524288,8,30.009961,76.12336,83.091483
rtp.test,524288,1,218.362625,76.12336,83.091483
rtp.test,262144,32,8.314415,38.93232,42.62123
rtp.test,262144,16,9.071076,38.93232,42.62123
rtp.test,262144,8,15.147213,38.93232,42.62123
rtp.test,262144,1,108.83008,38.93232,42.62123
rtp.test,131072,32,4.176308,21.158528,23.011149
rtp.test,131072,16,4.516856,21.158528,23.011149
rtp.test,131072,8,8.911489,21.158528,23.011149
rtp.test,131072,1,54.458795,21.158528,23.011149
rtp.test,65536,32,2.09664,12.146912,13.32491
rtp.test,65536,16,3.89841,12.146912,13.32491
rtp.test,65536,8,4.454068,12.146912,13.32491
rtp.test,65536,1,27.153585,12.146912,13.32491
rtp.test,32768,32,1.057678,7.74736,8.497189
rtp.test,32768,16,1.146866,7.74736,8.497189
rtp.test,32768,8,2.24673,7.74736,8.497189
rtp.test,32768,1,13.599177,7.74736,8.497189
rtp.test,16384,32,0.679068,3.337344,3.869915
rtp.test,16384,16,0.733824,3.337344,3.869915
rtp.test,16384,8,1.11886,3.337344,3.869915
rtp.test,16384,1,6.77469,3.337344,3.869915
rtp.test,8192,32,0.381823,2.330848,2.728914
rtp.test,8192,16,0.557265,2.330848,2.728914
rtp.test,8192,8,0.578357,2.330848,2.728914
rtp.test,8192,1,4.452811,2.330848,2.728914
rtp.test,4096,32,0.211899,2.07952,2.362666
rtp.test,4096,16,0.400331,2.07952,2.362666
rtp.test,4096,8,0.366039,2.07952,2.362666
rtp.test,4096,1,2.211529,2.07952,2.362666
rtp.test,2048,32,0.126204,2.003776,2.154958
rtp.test,2048,16,0.251639,2.003776,2.154958
rtp.test,2048,8,0.227404,2.003776,2.154958
rtp.test,2048,1,1.102587,2.003776,2.154958
ssl.test,1475251,32,87.35684,228.620576,246.508519
ssl.test,1475251,16,88.604278,228.620576,246.508519
ssl.test,1475251,8,160.484533,228.620576,246.508519
ssl.test,1475251,1,1169.702407,228.620576,246.508519
ssl.test,1048576,32,62.089952,162.616192,183.122171
ssl.test,1048576,16,63.078557,162.616192,183.122171
ssl.test,1048576,8,115.151779,162.616192,183.122171
ssl.test,1048576,1,828.626616,162.616192,183.122171
ssl.test,524288,32,31.014769,82.406496,89.42736
ssl.test,524288,16,31.486129,82.406496,89.42736
ssl.test,524288,8,57.35554,82.406496,89.42736
ssl.test,524288,1,414.09893,82.406496,89.42736
ssl.test,262144,32,16.048586,42.8768,45.902381
ssl.test,262144,16,17.017915,42.8768,45.902381
ssl.test,262144,8,28.804358,42.8768,45.902381
ssl.test,262144,1,207.070103,42.8768,45.902381
ssl.test,131072,32,8.358135,23.270848,25.036272
ssl.test,131072,16,12.538495,23.270848,25.036272
ssl.test,131072,8,14.573744,23.270848,25.036272
ssl.test,131072,1,103.800029,23.270848,25.036272
ssl.test,65536,32,4.212487,13.214336,14.219788
ssl.test,65536,16,6.895935,13.214336,14.219788
ssl.test,65536,8,8.498516,13.214336,14.219788
ssl.test,65536,1,51.720662,13.214336,14.219788
ssl.test,32768,32,2.104532,7.589056,8.455774
ssl.test,32768,16,2.127789,7.589056,8.455774
ssl.test,32768,8,4.266474,7.589056,8.455774
ssl.test,32768,1,25.849995,7.589056,8.455774
ssl.test,16384,32,1.156853,3.202752,3.643977
ssl.test,16384,16,1.99523,3.202752,3.643977
ssl.test,16384,8,2.135053,3.202752,3.643977
ssl.test,16384,1,12.923182,3.202752,3.643977
ssl.test,8192,32,0.720973,2.20704,2.542857
ssl.test,8192,16,1.045317,2.20704,2.542857
ssl.test,8192,8,1.068644,2.20704,2.542857
ssl.test,8192,1,8.444529,2.20704,2.542857
ssl.test,4096,32,0.407665,1.779168,2.06563
ssl.test,4096,16,0.434972,1.779168,2.06563
ssl.test,4096,8,0.657208,1.779168,2.06563
ssl.test,4096,1,3.225418,1.779168,2.06563
ssl.test,2048,32,0.156445,1.45776,1.593432
ssl.test,2048,16,0.40529,1.45776,1.593432
ssl.test,2048,8,0.354934,1.45776,1.593432
ssl.test,2048,1,2.11445,1.45776,1.593432
tsp.test,1162511,32,32.693269,144.531584,163.111829
tsp.test,1162511,16,37.528532,144.531584,163.111829
tsp.test,1162511,8,63.909251,144.531584,163.111829
tsp.test,1162511,1,460.841086,144.531584,163.111829
tsp.test,1048576,32,29.414143,130.420704,152.712158
tsp.test,1048576,16,33.728039,130.420704,152.712158
tsp.test,1048576,8,57.196511,130.420704,152.712158
tsp.test,1048576,1,414.190773,130.420704,152.712158
tsp.test,524288,32,14.703719,66.07808,73.371371
tsp.test,524288,16,16.850785,66.07808,73.371371
tsp.test,524288,8,28.473169,66.07808,73.371371
tsp.test,524288,1,207.249247,66.07808,73.371371
tsp.test,262144,32,7.903258,33.895808,38.728408
tsp.test,262144,16,8.454586,33.895808,38.728408
tsp.test,262144,8,14.633388,33.895808,38.728408
tsp.test,262144,1,102.866599,33.895808,38.728408
tsp.test,131072,32,3.9686,18.37216,20.357384
tsp.test,131072,16,4.231624,18.37216,20.357384
tsp.test,131072,8,7.162519,18.37216,20.357384
tsp.test,131072,1,51.480547,18.37216,20.357384
tsp.test,65536,32,2.009478,10.612256,11.896023
tsp.test,65536,16,2.124576,10.612256,11.896023
tsp.test,65536,8,4.530684,10.612256,11.896023
tsp.test,65536,1,25.752845,10.612256,11.896023
tsp.test,32768,32,1.008091,7.065344,7.706235
tsp.test,32768,16,1.97358,7.065344,7.706235
tsp.test,32768,8,2.121434,7.065344,7.706235
tsp.test,32768,1,12.861512,7.065344,7.706235
tsp.test,16384,32,0.655392,2.896192,3.430053
tsp.test,16384,16,0.989235,2.896192,3.430053
tsp.test,16384,8,1.057959,2.896192,3.430053
tsp.test,16384,1,8.387259,2.896192,3.430053
tsp.test,8192,32,0.325182,2.122912,2.473016
tsp.test,8192,16,0.580452,2.122912,2.473016
tsp.test,8192,8,0.654694,2.122912,2.473016
tsp.test,8192,1,3.226326,2.122912,2.473016
tsp.test,4096,32,0.226565,1.805312,2.161383
tsp.test,4096,16,0.243188,1.805312,2.161383
tsp.test,4096,8,0.387271,1.805312,2.161383
tsp.test,4096,1,2.105231,1.805312,2.161383
tsp.test,2048,32,0.101759,1.801856,1.932234
tsp.test,2048,16,0.241232,1.801856,1.932234
tsp.test,2048,8,0.221048,1.801856,1.932234
tsp.test,2048,1,1.052859,1.801856,1.932234
yahoo.test,2627405,32,130.23019,504.036384,550.025297
yahoo.test,2627405,16,145.714247,504.036384,550.025297
yahoo.test,2627405,8,249.040467,504.036384,550.025297
yahoo.test,2627405,1,1781.157653,504.036384,550.025297
yahoo.test,2097152,32,104.058927,403.035872,440.4637
yahoo.test,2097152,16,108.768264,403.035872,440.4637
yahoo.test,2097152,8,197.795008,403.035872,440.4637
yahoo.test,2097152,1,1421.613703,403.035872,440.4637
yahoo.test,1048576,32,52.065117,203.117728,222.409086
yahoo.test,1048576,16,54.372119,203.117728,222.409086
yahoo.test,1048576,8,98.830316,203.117728,222.409086
yahoo.test,1048576,1,711.270038,203.117728,222.409086
yahoo.test,524288,32,26.071949,103.226208,114.651567
yahoo.test,524288,16,27.030243,103.226208,114.651567
yahoo.test,524288,8,49.431186,103.226208,114.651567
yahoo.test,524288,1,355.131999,103.226208,114.651567
yahoo.test,262144,32,13.076623,53.363072,57.943604
yahoo.test,262144,16,20.336292,53.363072,57.943604
yahoo.test,262144,8,24.473769,53.363072,57.943604
yahoo.test,262144,1,177.142906,53.363072,57.943604
yahoo.test,131072,32,7.060272,29.264704,31.79832
yahoo.test,131072,16,7.34278,29.264704,31.79832
yahoo.test,131072,8,12.585149,29.264704,31.79832
yahoo.test,131072,1,88.700031,29.264704,31.79832
yahoo.test,65536,32,3.544733,16.67712,17.979073
yahoo.test,65536,16,3.692867,16.67712,17.979073
yahoo.test,65536,8,6.209114,16.67712,17.979073
yahoo.test,65536,1,44.52853,16.67712,17.979073
yahoo.test,32768,32,1.765172,10.710112,11.375076
yahoo.test,32768,16,1.858131,10.710112,11.375076
yahoo.test,32768,8,3.65194,10.710112,11.375076
yahoo.test,32768,1,22.152728,10.710112,11.375076
yahoo.test,16384,32,0.896275,4.116704,4.564837
yahoo.test,16384,16,1.094694,4.116704,4.564837
yahoo.test,16384,8,1.860227,4.116704,4.564837
yahoo.test,16384,1,11.094523,4.116704,4.564837
yahoo.test,8192,32,0.540922,2.906432,3.265716
yahoo.test,8192,16,0.882307,2.906432,3.265716
yahoo.test,8192,8,1.010117,2.906432,3.265716
yahoo.test,8192,1,5.526554,2.906432,3.265716
yahoo.test,4096,32,0.33482,2.272192,2.62513
yahoo.test,4096,16,0.622846,2.272192,2.62513
yahoo.test,4096,8,0.612649,2.272192,2.62513
yahoo.test,4096,1,3.606751,2.272192,2.62513
yahoo.test,2048,32,0.206311,1.936,2.09245
yahoo.test,2048,16,0.396071,1.936,2.09245
yahoo.test,2048,8,0.31282,1.936,2.09245
yahoo.test,2048,1,1.834315,1.936,2.09245
blank,blank,blank,blank,blank,blank
